{
  "method": "KAN_flat",
  "N": 20,
  "F": 8.0,
  "n_trials": 3,
  "n_epochs": 100,
  "ERR_mean": 0.0,
  "ERR_std": 0.0,
  "L2_mean": 0.9713904962040206,
  "L2_std": 0.005592380817824502,
  "complexity_mean": 800.0,
  "runtime_mean_s": 0.7985289096832275,
  "per_trial": {
    "err_rates": [
      0.0,
      0.0,
      0.0
    ],
    "l2_errors": [
      0.979289057357993,
      0.9670924555518007,
      0.9677899757022684
    ],
    "complexities": [
      800,
      800,
      800
    ],
    "runtimes": [
      1.9156408309936523,
      0.23974180221557617,
      0.2402040958404541
    ]
  }
}