{
  "method": "KAN_flat",
  "N": 40,
  "F": 8.0,
  "n_trials": 3,
  "n_epochs": 100,
  "ERR_mean": 0.0,
  "ERR_std": 0.0,
  "L2_mean": 0.9796381735987839,
  "L2_std": 0.007007512043474913,
  "complexity_mean": 3200.0,
  "runtime_mean_s": 0.37642423311869305,
  "per_trial": {
    "err_rates": [
      0.0,
      0.0,
      0.0
    ],
    "l2_errors": [
      0.9742361610512256,
      0.9751439361041989,
      0.9895344236409275
    ],
    "complexities": [
      3200,
      3200,
      3200
    ],
    "runtimes": [
      0.3860466480255127,
      0.376692533493042,
      0.3665335178375244
    ]
  }
}