{
  "method": "KAN_flat",
  "N": 10,
  "F": 8.0,
  "n_trials": 5,
  "n_epochs": 300,
  "ERR_mean": 0.0,
  "ERR_std": 0.0,
  "L2_mean": 0.9133825086259153,
  "L2_std": 0.019958503498868702,
  "complexity_mean": 200.0,
  "runtime_mean_s": 0.49269652366638184,
  "per_trial": {
    "err_rates": [
      0.0,
      0.0,
      0.0,
      0.0,
      0.0
    ],
    "l2_errors": [
      0.9135908957838142,
      0.882647846298663,
      0.9442754203596884,
      0.9200038655533713,
      0.9063945151340388
    ],
    "complexities": [
      200,
      200,
      200,
      200,
      200
    ],
    "runtimes": [
      0.4818861484527588,
      0.48572754859924316,
      0.5313816070556641,
      0.4761819839477539,
      0.48830533027648926
    ]
  }
}