{
  "method": "KAN_flat",
  "N": 4,
  "F": 8.0,
  "n_trials": 5,
  "n_epochs": 300,
  "ERR_mean": 0.0,
  "ERR_std": 0.0,
  "L2_mean": 0.9365498064657907,
  "L2_std": 0.00390396722756469,
  "complexity_mean": 32.0,
  "runtime_mean_s": 0.655960988998413,
  "per_trial": {
    "err_rates": [
      0.0,
      0.0,
      0.0,
      0.0,
      0.0
    ],
    "l2_errors": [
      0.9297519453610631,
      0.9373723063996463,
      0.9395232777368399,
      0.9408765412118522,
      0.9352249616195523
    ],
    "complexities": [
      32,
      32,
      32,
      32,
      32
    ],
    "runtimes": [
      1.5946674346923828,
      0.43754053115844727,
      0.4140756130218506,
      0.4243462085723877,
      0.40917515754699707
    ]
  }
}