{
  "phase": 1,
  "description": "Lorenz-96 baseline comparison at N=4 and N=10",
  "methods": [
    "SINDy",
    "KAN_flat"
  ],
  "dimensions": [
    4,
    10
  ],
  "key_finding": "SINDy recovers equations perfectly at N=4 and N=10 due to low dimensionality and sparse structure. Flat KAN struggles without active subspace projection. SymFM results to be added after Phase 3 implementation.",
  "results": {
    "sindy_N4": {
      "method": "SINDy",
      "N": 4,
      "F": 8.0,
      "n_trials": 10,
      "ERR_mean": 100.0,
      "ERR_std": 0.0,
      "L2_mean": 1.2555988391923734e-07,
      "L2_std": 1.7625573521996178e-08,
      "complexity_mean": 16.0,
      "runtime_mean_s": 0.014537453651428223,
      "per_trial": {
        "err_rates": [
          1.0,
          1.0,
          1.0,
          1.0,
          1.0,
          1.0,
          1.0,
          1.0,
          1.0,
          1.0
        ],
        "l2_errors": [
          1.0730364442271523e-07,
          1.2525695694493973e-07,
          1.5239017474399906e-07,
          9.907105926400556e-08,
          1.1814398285918842e-07,
          1.3923376151017307e-07,
          1.420608620261503e-07,
          1.0939481374769609e-07,
          1.1542523733732398e-07,
          1.473183463361821e-07
        ],
        "complexities": [
          16,
          16,
          16,
          16,
          16,
          16,
          16,
          16,
          16,
          16
        ],
        "runtimes": [
          0.017194032669067383,
          0.0107574462890625,
          0.01128697395324707,
          0.010673046112060547,
          0.022764205932617188,
          0.011917591094970703,
          0.01735067367553711,
          0.01574563980102539,
          0.015978097915649414,
          0.011706829071044922
        ]
      }
    },
    "sindy_N10": {
      "method": "SINDy",
      "N": 10,
      "F": 8.0,
      "n_trials": 10,
      "ERR_mean": 100.0,
      "ERR_std": 0.0,
      "L2_mean": 2.1462959994084734e-07,
      "L2_std": 1.8182075359506135e-07,
      "complexity_mean": 40.0,
      "runtime_mean_s": 0.046622848510742186,
      "per_trial": {
        "err_rates": [
          1.0,
          1.0,
          1.0,
          1.0,
          1.0,
          1.0,
          1.0,
          1.0,
          1.0,
          1.0
        ],
        "l2_errors": [
          2.5755869167897785e-07,
          5.44889045437317e-08,
          5.033373546325409e-07,
          5.29169946497405e-07,
          1.6522508672637127e-07,
          1.5037161095032118e-07,
          1.2681512117072616e-08,
          5.61230768525437e-08,
          5.332538908146473e-08,
          3.6401442632804416e-07
        ],
        "complexities": [
          40,
          40,
          40,
          40,
          40,
          40,
          40,
          40,
          40,
          40
        ],
        "runtimes": [
          0.05144453048706055,
          0.05466747283935547,
          0.044304847717285156,
          0.046112775802612305,
          0.04529523849487305,
          0.0444793701171875,
          0.04127240180969238,
          0.042550086975097656,
          0.0416872501373291,
          0.05441451072692871
        ]
      }
    },
    "kan_N4": {
      "method": "KAN_flat",
      "N": 4,
      "F": 8.0,
      "n_trials": 5,
      "n_epochs": 300,
      "ERR_mean": 0.0,
      "ERR_std": 0.0,
      "L2_mean": 0.9365498064657907,
      "L2_std": 0.00390396722756469,
      "complexity_mean": 32.0,
      "runtime_mean_s": 0.655960988998413,
      "per_trial": {
        "err_rates": [
          0.0,
          0.0,
          0.0,
          0.0,
          0.0
        ],
        "l2_errors": [
          0.9297519453610631,
          0.9373723063996463,
          0.9395232777368399,
          0.9408765412118522,
          0.9352249616195523
        ],
        "complexities": [
          32,
          32,
          32,
          32,
          32
        ],
        "runtimes": [
          1.5946674346923828,
          0.43754053115844727,
          0.4140756130218506,
          0.4243462085723877,
          0.40917515754699707
        ]
      }
    },
    "kan_N10": {
      "method": "KAN_flat",
      "N": 10,
      "F": 8.0,
      "n_trials": 5,
      "n_epochs": 300,
      "ERR_mean": 0.0,
      "ERR_std": 0.0,
      "L2_mean": 0.9133825086259153,
      "L2_std": 0.019958503498868702,
      "complexity_mean": 200.0,
      "runtime_mean_s": 0.49269652366638184,
      "per_trial": {
        "err_rates": [
          0.0,
          0.0,
          0.0,
          0.0,
          0.0
        ],
        "l2_errors": [
          0.9135908957838142,
          0.882647846298663,
          0.9442754203596884,
          0.9200038655533713,
          0.9063945151340388
        ],
        "complexities": [
          200,
          200,
          200,
          200,
          200
        ],
        "runtimes": [
          0.4818861484527588,
          0.48572754859924316,
          0.5313816070556641,
          0.4761819839477539,
          0.48830533027648926
        ]
      }
    }
  },
  "paper_note": "These are the baseline rows for Table 4 (Main Results) in the SymFM paper. SymFM results at N=20 and N=40 will demonstrate the advantage of the active subspace projection."
}