{
  "method": "SINDy",
  "N": 40,
  "F": 8.0,
  "n_trials": 3,
  "ERR_mean": 0.0,
  "ERR_std": 0.0,
  "L2_mean": 1.8780725234153002,
  "L2_std": 0.3077590916176452,
  "complexity_mean": 1578.6666666666667,
  "runtime_mean_s": 0.2753431002298991,
  "per_trial": {
    "err_rates": [
      0.0,
      0.0,
      0.0
    ],
    "l2_errors": [
      1.7984916925139156,
      2.2884350050349918,
      1.5472908726969934
    ],
    "complexities": [
      1578,
      1591,
      1567
    ],
    "runtimes": [
      0.2366926670074463,
      0.2426903247833252,
      0.3466463088989258
    ]
  }
}