{
  "method": "SINDy",
  "N": 4,
  "F": 8.0,
  "n_trials": 10,
  "ERR_mean": 100.0,
  "ERR_std": 0.0,
  "L2_mean": 1.2555988391923734e-07,
  "L2_std": 1.7625573521996178e-08,
  "complexity_mean": 16.0,
  "runtime_mean_s": 0.014537453651428223,
  "per_trial": {
    "err_rates": [
      1.0,
      1.0,
      1.0,
      1.0,
      1.0,
      1.0,
      1.0,
      1.0,
      1.0,
      1.0
    ],
    "l2_errors": [
      1.0730364442271523e-07,
      1.2525695694493973e-07,
      1.5239017474399906e-07,
      9.907105926400556e-08,
      1.1814398285918842e-07,
      1.3923376151017307e-07,
      1.420608620261503e-07,
      1.0939481374769609e-07,
      1.1542523733732398e-07,
      1.473183463361821e-07
    ],
    "complexities": [
      16,
      16,
      16,
      16,
      16,
      16,
      16,
      16,
      16,
      16
    ],
    "runtimes": [
      0.017194032669067383,
      0.0107574462890625,
      0.01128697395324707,
      0.010673046112060547,
      0.022764205932617188,
      0.011917591094970703,
      0.01735067367553711,
      0.01574563980102539,
      0.015978097915649414,
      0.011706829071044922
    ]
  }
}