{
  "method": "SINDy",
  "N": 10,
  "F": 8.0,
  "n_trials": 10,
  "ERR_mean": 100.0,
  "ERR_std": 0.0,
  "L2_mean": 2.1462959994084734e-07,
  "L2_std": 1.8182075359506135e-07,
  "complexity_mean": 40.0,
  "runtime_mean_s": 0.042615842819213864,
  "per_trial": {
    "err_rates": [
      1.0,
      1.0,
      1.0,
      1.0,
      1.0,
      1.0,
      1.0,
      1.0,
      1.0,
      1.0
    ],
    "l2_errors": [
      2.5755869167897785e-07,
      5.44889045437317e-08,
      5.033373546325409e-07,
      5.29169946497405e-07,
      1.6522508672637127e-07,
      1.5037161095032118e-07,
      1.2681512117072616e-08,
      5.61230768525437e-08,
      5.332538908146473e-08,
      3.6401442632804416e-07
    ],
    "complexities": [
      40,
      40,
      40,
      40,
      40,
      40,
      40,
      40,
      40,
      40
    ],
    "runtimes": [
      0.0423583984375,
      0.04288315773010254,
      0.0421905517578125,
      0.044693708419799805,
      0.04164838790893555,
      0.041559696197509766,
      0.043745994567871094,
      0.041016578674316406,
      0.043509721755981445,
      0.04255223274230957
    ]
  }
}