{
  "method": "SINDy",
  "N": 20,
  "F": 8.0,
  "n_trials": 3,
  "ERR_mean": 0.0,
  "ERR_std": 0.0,
  "L2_mean": 1.3564717858203286,
  "L2_std": 0.059844662344467156,
  "complexity_mean": 397.6666666666667,
  "runtime_mean_s": 0.07548308372497559,
  "per_trial": {
    "err_rates": [
      0.0,
      0.0,
      0.0
    ],
    "l2_errors": [
      1.434592803674165,
      1.3456053426483763,
      1.2892172111384443
    ],
    "complexities": [
      399,
      402,
      392
    ],
    "runtimes": [
      0.09130668640136719,
      0.06244993209838867,
      0.0726926326751709
    ]
  }
}