{
  "method": "SINDy",
  "N": 4,
  "F": 8.0,
  "n_trials": 10,
  "ERR_mean": 100.0,
  "ERR_std": 0.0,
  "L2_mean": 1.2555988391923734e-07,
  "L2_std": 1.7625573521996178e-08,
  "complexity_mean": 16.0,
  "runtime_mean_s": 0.01176142692565918,
  "per_trial": {
    "err_rates": [
      1.0,
      1.0,
      1.0,
      1.0,
      1.0,
      1.0,
      1.0,
      1.0,
      1.0,
      1.0
    ],
    "l2_errors": [
      1.0730364442271523e-07,
      1.2525695694493973e-07,
      1.5239017474399906e-07,
      9.907105926400556e-08,
      1.1814398285918842e-07,
      1.3923376151017307e-07,
      1.420608620261503e-07,
      1.0939481374769609e-07,
      1.1542523733732398e-07,
      1.473183463361821e-07
    ],
    "complexities": [
      16,
      16,
      16,
      16,
      16,
      16,
      16,
      16,
      16,
      16
    ],
    "runtimes": [
      0.01292872428894043,
      0.01027536392211914,
      0.010442018508911133,
      0.010874271392822266,
      0.011363983154296875,
      0.013107538223266602,
      0.010697364807128906,
      0.011872529983520508,
      0.01450347900390625,
      0.011548995971679688
    ]
  }
}