{
  "method": "SINDy",
  "N": 10,
  "F": 8.0,
  "n_trials": 10,
  "ERR_mean": 100.0,
  "ERR_std": 0.0,
  "L2_mean": 2.1462959994084734e-07,
  "L2_std": 1.8182075359506135e-07,
  "complexity_mean": 40.0,
  "runtime_mean_s": 0.046622848510742186,
  "per_trial": {
    "err_rates": [
      1.0,
      1.0,
      1.0,
      1.0,
      1.0,
      1.0,
      1.0,
      1.0,
      1.0,
      1.0
    ],
    "l2_errors": [
      2.5755869167897785e-07,
      5.44889045437317e-08,
      5.033373546325409e-07,
      5.29169946497405e-07,
      1.6522508672637127e-07,
      1.5037161095032118e-07,
      1.2681512117072616e-08,
      5.61230768525437e-08,
      5.332538908146473e-08,
      3.6401442632804416e-07
    ],
    "complexities": [
      40,
      40,
      40,
      40,
      40,
      40,
      40,
      40,
      40,
      40
    ],
    "runtimes": [
      0.05144453048706055,
      0.05466747283935547,
      0.044304847717285156,
      0.046112775802612305,
      0.04529523849487305,
      0.0444793701171875,
      0.04127240180969238,
      0.042550086975097656,
      0.0416872501373291,
      0.05441451072692871
    ]
  }
}