{
  "method": "SymFM",
  "N": 20,
  "d": 10,
  "n_trials": 3,
  "n_epochs": 2000,
  "ERR_mean": 0.0,
  "ERR_std": 0.0,
  "L2_mean": 0.9459849943130508,
  "L2_std": 0.04904901626888566,
  "complexity_mean": 788.3333333333334,
  "runtime_mean_s": 35.99043424924215,
  "per_trial": {
    "err_rates": [
      0.0,
      0.0,
      0.0
    ],
    "l2_errors": [
      0.974435429044424,
      0.9865469886679383,
      0.87697256522679
    ],
    "complexities": [
      789,
      783,
      793
    ],
    "runtimes": [
      37.156264543533325,
      36.1873345375061,
      34.62770366668701
    ]
  }
}