{
  "method": "SymFM",
  "N": 10,
  "d": 5,
  "n_trials": 3,
  "n_epochs": 2000,
  "ERR_mean": 0.0,
  "ERR_std": 0.0,
  "L2_mean": 0.7577651661850706,
  "L2_std": 0.12381874857973654,
  "complexity_mean": 197.33333333333334,
  "runtime_mean_s": 26.09701172510783,
  "per_trial": {
    "err_rates": [
      0.0,
      0.0,
      0.0
    ],
    "l2_errors": [
      0.7641100215061261,
      0.6030459442397604,
      0.9061395328093254
    ],
    "complexities": [
      197,
      197,
      198
    ],
    "runtimes": [
      25.424397468566895,
      27.355053186416626,
      25.511584520339966
    ]
  }
}