{
  "method": "SymFM",
  "N": 4,
  "d": 2,
  "n_trials": 3,
  "n_epochs": 2000,
  "ERR_mean": 0.0,
  "ERR_std": 0.0,
  "L2_mean": 0.2020258315168071,
  "L2_std": 0.03424676066380602,
  "complexity_mean": 32.0,
  "runtime_mean_s": 20.719065189361572,
  "per_trial": {
    "err_rates": [
      0.0,
      0.0,
      0.0
    ],
    "l2_errors": [
      0.15362211962083175,
      0.22766693378303843,
      0.2247884411465511
    ],
    "complexities": [
      32,
      32,
      32
    ],
    "runtimes": [
      20.633273124694824,
      20.915326595306396,
      20.608595848083496
    ]
  }
}