{
  "method": "SymFM",
  "N": 40,
  "d": 13,
  "n_trials": 3,
  "n_epochs": 2000,
  "ERR_mean": 0.0,
  "ERR_std": 0.0,
  "L2_mean": 1.003143630570748,
  "L2_std": 0.00996865795370618,
  "complexity_mean": 3106.3333333333335,
  "runtime_mean_s": 49.84581923484802,
  "per_trial": {
    "err_rates": [
      0.0,
      0.0,
      0.0
    ],
    "l2_errors": [
      0.9991674951255953,
      1.0168451082275978,
      0.993418288359051
    ],
    "complexities": [
      3108,
      3119,
      3092
    ],
    "runtimes": [
      48.69761562347412,
      51.099278688430786,
      49.74056339263916
    ]
  }
}